Compound,predicted_stable_unstable,#_Atoms,Lattice Parameter (Angstroms),Density (g/cm^3),Vol/Atom,Mass,Total_Energy (eV/atom),Magnetic_Moment,Band_Gap (eV),Band Gap Type,Volume (Angstroms^3),Bulk Modulus (Gpa),avg_CN,DOSmass_CB,Nb_CB,bmass_CB,mobility_n,DOSmass_VB,Nb_VB,bmass_VB,mobility_p,gamma,kappa_L_ac,kappa_L_oc,kappa_L,beta_n,beta_p,dos_mass_tol
AcNiAs,stable,3,6.583,8.395,23.776,199.605,-5.437,0,0.145,PBE,71.328,76.206,5.333,0.076,3,0.036,1321.419,9.703,14,1.67,4.236,1.255,4.973,0.902,5.876,34.134,16.016,0.4
AcNiP,stable,3,6.462,7.794,22.49,175.279,-5.61,0,0.615,PBE,67.471,82.504,5.333,2.717,3,1.306,6.633,9.032,8,2.258,2.918,1.255,6.257,0.993,7.25,3.49,6.702,0.4
AcNiSb,stable,3,6.826,8.508,26.507,225.531,-5.265,0,0.391,PBE,79.522,69.803,5.333,2.387,3,1.148,6.814,1.684,14,0.29,53.657,1.255,4.33,0.827,5.157,4.487,47.799,0.4
MoCoAl,unstable,3,5.772,6.281,16.028,100.67,-6.745,0,0.306,MBJ,48.083,141.056,5.333,1.961,9,0.453,55.478,1.08,14,0.186,211.221,1.255,21.333,1.62,22.953,10.671,28.335,0.4
CrCoAl,unstable,3,5.461,5.624,13.572,76.335,-6.722,0,0.545,MBJ,40.717,162.61,5.333,2.859,3,1.374,12.112,2.786,14,0.48,58.757,1.255,29.946,1.943,31.889,1.517,13.314,0.4
CrCoB,unstable,3,4.984,6.532,10.317,67.385,-7.594,0,0.84,MBJ,30.95,239.975,5.333,0.765,3,0.368,129.21,3.145,8,0.786,41.312,1.255,49.298,2.401,51.699,3.046,5.148,0.4
CrCoGa,unstable,3,5.457,7.382,13.545,99.993,-6.409,0,0.622,MBJ,40.636,168.191,5.333,1.706,3,0.82,27.171,2.492,14,0.429,71.815,1.255,23.147,1.726,24.873,2.742,18.875,0.4
CrCoIn,unstable,3,5.752,7.877,15.863,124.954,-5.889,0,0.699,MBJ,47.589,139.333,5.333,6.682,6,2.024,5.809,2.853,14,0.491,48.575,1.255,15.65,1.443,17.093,3.845,20.981,0.4
CrFeC,unstable,3,4.895,6.788,9.774,66.34,-8.352,0,0.563,MBJ,29.321,270.387,5.333,2.153,3,1.035,30.82,4.379,8,1.095,28.327,1.255,59.129,2.546,61.675,1.546,3.986,0.4
CrFeGe,unstable,3,5.45,7.404,13.493,99.899,-7.431,0,0.423,MBJ,40.479,190.022,5.333,2.168,3,1.042,21.423,9.713,8,2.428,6.026,1.255,30.154,1.834,31.988,2.086,3.349,0.4
CrFeSi,unstable,3,5.339,5.932,12.683,75.237,-7.95,0,0.368,MBJ,38.048,207.641,5.333,4.218,3,2.028,8.628,6.914,8,1.729,10.964,1.255,46.132,2.187,48.319,1.012,2.971,0.4
CrFeSn,unstable,3,5.743,7.945,15.783,125.399,-6.897,0,0.466,MBJ,47.349,156.398,5.333,1.269,3,0.61,39.375,9.504,14,1.636,8.967,1.255,19.943,1.524,21.467,3.528,9.109,0.4
CrIrAl,unstable,3,5.76,9.426,15.924,150.11,-7.559,0,0.351,MBJ,47.773,179.152,5.333,3.658,3,1.759,9.217,4.885,14,0.841,27.872,1.255,22.018,1.493,23.511,1.955,14.202,0.4
CrIrB,unstable,3,5.376,10.901,12.95,141.159,-8.046,0,0.528,MBJ,38.849,237.306,5.333,4.395,3,2.113,9.271,3.366,8,0.841,36.896,1.255,29.987,1.713,31.7,1.72,7.971,0.4
CrIrGa,unstable,3,5.775,10.826,16.051,173.768,-7.143,0,0.361,MBJ,48.153,182.999,5.333,2.505,3,1.204,16.617,4.707,14,0.81,30.109,1.255,19.604,1.405,21.008,2.805,16.603,0.4
CrIrIn,unstable,3,6.042,10.814,18.376,198.728,-6.651,0,0.476,MBJ,55.129,154.748,5.333,4.329,3,2.081,6.184,4.323,14,0.744,28.927,1.255,14.808,1.235,16.043,2.237,19.349,0.4
CrIrTl,unstable,3,6.125,12.966,19.151,248.304,-6.136,0,0.584,MBJ,57.452,392.268,5.333,2.464,3,1.185,36.501,2.488,17,0.376,203.945,1.255,95.993,1.771,97.764,1.305,82.541,0.4
CrOsGe,unstable,3,5.767,10.905,15.982,174.282,-8.247,0,0.354,MBJ,47.945,202.465,5.333,4.827,3,2.321,6.872,4.815,8,1.204,18.398,1.255,24.242,1.474,25.716,1.71,6.763,0.4
CrOsPb,unstable,3,6.135,12.925,19.246,248.763,-7.24,0.047,0.338,MBJ,57.739,150.077,5.333,4.195,3,2.017,6.289,5.266,14,0.907,20.864,1.255,11.483,1.095,12.579,2.82,21.259,0.4
CrOsSi,unstable,3,5.662,9.89,15.129,149.621,-8.786,0,0.31,MBJ,45.386,218.221,5.333,7.374,3,3.545,3.923,4.83,8,1.207,19.737,1.255,31.086,1.637,32.723,1.123,5.717,0.4
CrOsSn,unstable,3,6.026,10.956,18.235,199.783,-7.785,0,0.419,MBJ,54.704,174.263,5.333,4.933,3,2.372,5.726,4.83,14,0.832,27.579,1.255,18.869,1.306,20.175,1.852,16.21,0.4
CrReAs,unstable,3,5.794,10.692,16.21,173.319,-8.559,0.024,0.152,MBJ,48.631,197.964,5.333,4.709,3,2.264,6.973,5.28,8,1.32,15.663,1.255,23.849,1.465,25.314,1.724,6.355,0.4
CrReP,unstable,3,5.641,9.962,14.956,148.993,-9.029,0,0.123,MBJ,44.868,218.949,5.333,3.635,3,1.748,11.373,4.878,8,1.219,19.511,1.255,30.804,1.64,32.444,1.738,5.752,0.4
CrReSb,unstable,3,6.057,10.759,18.519,199.244,-8.184,0,0.241,MBJ,55.556,174.16,5.333,6.269,3,3.014,3.995,4.122,8,1.03,19.979,1.255,19.464,1.31,20.774,1.557,7.904,0.4
CrRhAl,unstable,3,5.729,6.425,15.67,100.675,-6.899,0.002,0.444,MBJ,47.009,159.459,5.333,5.215,3,2.507,4.821,6.964,14,1.199,14.577,1.255,26.832,1.716,28.548,1.158,8.416,0.4
CrRhB,unstable,3,5.315,7.332,12.511,91.724,-7.44,0,0.63,MBJ,37.533,217.26,5.333,1.995,3,0.959,27.765,1.911,8,0.478,78.964,1.255,39.056,2.022,41.078,1.953,7.91,0.4
CrRhGa,unstable,3,5.733,7.917,15.705,124.333,-6.55,0,0.44,MBJ,47.114,163.138,5.333,4.461,3,2.144,6.234,4.352,14,0.749,30.187,1.255,21.921,1.562,23.483,1.582,13.879,0.4
CrRuC,unstable,3,5.232,7.654,11.937,91.372,-8.265,0,0.36,MBJ,35.812,241.483,5.333,4.221,3,2.029,10.023,3.567,8,0.892,34.408,1.255,45.411,2.119,47.53,1.196,5.224,0.4
CrRuGe,unstable,3,5.722,8.002,15.613,124.931,-7.676,0,0.203,MBJ,46.839,185.993,5.333,3.751,3,1.803,9.217,4.299,14,0.74,35.058,1.255,28.826,1.662,30.488,1.542,12.278,0.4
CrRuPb,unstable,3,6.09,10.596,18.819,199.412,-6.757,0,0.333,MBJ,56.458,141.803,5.333,4.043,3,1.944,6.279,3.934,14,0.677,30.53,1.255,12.706,1.185,13.891,2.466,21.667,0.4
CrRuSi,unstable,3,5.62,6.777,14.795,100.27,-8.161,0,0.147,MBJ,44.384,200.581,5.333,5.917,3,2.845,5.017,3.889,14,0.669,43.945,1.255,40.249,1.91,42.159,0.915,10.169,0.4
CrRuSn,unstable,3,5.987,8.412,17.883,150.432,-7.239,0,0.287,MBJ,53.648,159.508,5.333,4.042,3,1.943,7.065,3.846,14,0.662,35.524,1.255,21.117,1.435,22.551,1.709,15.217,0.4
CrTcAs,unstable,3,5.752,7.849,15.86,124.495,-8.052,0,0.162,MBJ,47.581,187.237,5.333,3.799,3,1.826,9.104,3.461,8,0.865,27.919,1.255,30.263,1.675,31.938,1.47,30.813,0.4
CrTcP,unstable,3,5.597,6.855,14.612,100.169,-8.501,0,0.097,MBJ,43.835,206.015,5.333,5.317,3,2.556,6.049,5.834,8,1.458,14.037,1.255,41.769,1.933,43.702,0.966,29.387,0.4
CrTcSb,unstable,3,6.018,8.281,18.165,150.421,-7.676,0,0.234,MBJ,54.494,162.928,5.333,3.465,3,1.666,9.094,4.227,8,1.057,17.999,1.255,22.798,1.454,24.251,1.781,30.895,0.4
MoFeSi,unstable,3,5.674,6.539,15.226,99.572,-7.9,0,0.183,MBJ,45.679,176.267,5.333,6.254,3,3.007,4.057,3.714,8,0.929,23.638,1.255,32.175,1.805,33.98,0.965,5.206,0.4
HfAgAl,unstable,3,6.268,8.453,20.517,173.438,-5.49,0,0.068,PBE,61.55,106.243,5.333,0.795,3,0.382,53.927,6.052,3,2.909,2.569,1.255,9.341,1.116,10.457,6.512,1.927,0.4
HfAgB,unstable,3,5.862,9.797,16.79,164.487,-5.786,0,0.147,PBE,50.37,135.707,5.333,1.119,3,0.538,41.258,2.139,3,1.028,15.615,1.255,11.755,1.252,13.008,5.447,3.693,0.4
HfAgGa,unstable,3,6.237,9.75,20.215,197.096,-5.238,0,0.09,MBJ,60.646,107.349,5.333,0.906,3,0.435,44.841,3.658,3,1.759,5.523,1.255,7.955,1.049,9.005,7.068,3.059,0.4
HfAuAl,stable,3,6.263,10.882,20.47,222.755,-6.176,0,0.641,PBE,61.409,126.918,5.333,1.188,3,0.571,35.27,8.699,3,4.182,1.781,1.255,10.173,1.075,11.248,5.684,1.722,0.4
HfAuB,unstable,3,5.919,12.373,17.28,213.804,-6.376,0,0.72,PBE,51.84,152.648,5.333,1.574,3,0.757,27.838,2.319,3,1.115,15.557,1.255,11.705,1.171,12.876,5.046,3.998,0.4
HfAuGa,other_structure,3,6.248,12.124,20.325,246.413,-5.874,0,0.562,PBE,60.974,126.841,5.333,1.266,3,0.608,32.074,4.244,3,2.04,5.223,1.255,8.865,1.021,9.886,6.223,3.011,0.4
HfAuIn,stable,3,6.461,12.072,22.479,271.373,-5.647,0,0.369,PBE,67.437,115.61,5.333,1.125,3,0.541,34.872,3.379,3,1.624,6.701,1.255,7.758,0.944,8.702,6.915,3.575,0.4
HfAuTl,unstable,3,6.526,13.858,23.159,320.949,-5.261,0,0.254,PBE,69.478,107.31,5.333,1.039,3,0.499,36.495,2.486,3,1.195,9.859,1.255,5.671,0.841,6.512,8.999,23.766,0.4
HfCoAs,stable,3,5.792,10.677,16.192,172.887,-8.064,0,1.279,PBE,48.576,161.215,5.333,4.295,3,2.065,6.52,8.412,8,2.103,6.344,1.255,15.139,1.324,16.463,2.282,6.018,0.4
HfCoBi,stable,3,6.186,12.528,19.723,247.09,-7.31,0,0.969,PBE,59.168,125.393,5.333,3.523,3,1.694,6.826,6.507,11,1.316,9.972,1.255,8.139,1.009,9.148,3.597,15.348,0.4
HfCoP,other_structure,3,5.649,9.889,15.022,148.561,-8.43,0,1.368,PBE,45.067,176.58,5.333,3.888,3,1.869,8.292,8.331,8,2.083,7.05,1.255,19.349,1.476,20.825,2.097,5.241,0.4
HfCoSb,stable,3,6.054,10.755,18.486,198.813,-7.755,0,1.127,PBE,55.458,143.683,5.333,3.188,3,1.533,9.086,9.607,8,2.402,4.632,1.255,12.697,1.191,13.888,2.883,5.871,0.4
HfCuB,unstable,3,5.528,9.944,14.074,139.954,-6.611,0,0.085,MBJ,42.221,156.225,5.333,0.943,3,0.453,61.423,2.575,3,1.238,13.613,1.255,14.026,1.415,15.441,5.855,3.205,0.4
HfFeTe,unstable,3,6.042,10.901,18.378,200.336,-7.596,0,0.824,PBE,55.134,145.573,5.333,0.742,3,0.357,82.067,5.758,8,1.44,10.113,1.255,12.807,1.193,14,6.95,8.022,0.4
HfIrSb,stable,3,6.32,12.957,21.037,272.587,-8.578,0,0.881,PBE,63.111,158.922,5.333,0.282,3,0.136,381.509,3.024,3,1.454,10.878,1.255,13.791,1.093,14.884,12.742,3.071,0.4
HfNiC,unstable,3,5.336,10.892,12.664,137.932,-7.939,0,0.908,PBE,37.992,184.298,5.333,2.696,3,1.296,14.986,1.449,3,0.697,38.044,1.255,16.884,1.521,18.405,3.085,4.478,0.4
HfNiGe,stable,3,5.849,10.284,16.675,171.491,-7.401,0,0.563,PBE,50.025,146.182,5.333,1.817,3,0.874,21.485,2.783,3,1.338,11.334,1.255,13.007,1.272,14.278,3.997,3.095,0.4
HfNiSi,other_structure,3,5.771,9.168,16.015,146.83,-7.765,0,0.685,PBE,48.046,157.476,5.333,1.762,3,0.847,24.24,4.536,3,2.181,5.868,1.255,17.176,1.417,18.593,3.368,1.91,0.4
HfNiSn,stable,3,6.105,10.387,18.965,196.992,-7.052,0,0.376,PBE,56.896,129.269,5.333,1.592,3,0.765,23.172,2.761,3,1.328,10.141,1.255,10.658,1.14,11.798,4.631,3.328,0.4
HfPdSn,stable,3,6.343,10.505,21.267,223.409,-7.053,0,0.394,PBE,63.8,126.208,5.333,1.464,3,0.704,25.639,2.186,3,1.051,14.06,1.255,10.757,1.078,11.835,4.739,3.727,0.4
HfPtGe,stable,3,6.161,12.676,19.485,246.985,-7.843,0,1.138,PBE,58.454,154.42,5.333,2.541,3,1.221,13.727,2.285,3,1.098,16.099,1.255,12.63,1.117,13.747,3.586,3.823,0.4
HfPtPb,unstable,3,6.462,14.296,22.487,321.466,-7.195,0,0.753,PBE,67.46,127.647,5.333,1.914,3,0.92,17.359,2.037,3,0.979,15.807,1.255,7.868,0.912,8.779,5.503,5.3,0.4
HfPtSi,other_structure,3,6.082,11.856,18.752,222.324,-8.194,0,1.293,PBE,56.257,165.434,5.333,2.379,3,1.144,16.227,3.227,3,1.552,10.272,1.255,15.561,1.211,16.772,3.276,2.728,0.4
HfPtSn,stable,3,6.366,12.672,21.502,272.486,-7.614,0,0.906,PBE,64.507,143.738,5.333,1.902,3,0.914,19.731,2.443,3,1.175,13.55,1.255,11.507,1.043,12.551,4.351,3.744,0.4
HfRhAs,stable,3,6.061,10.63,18.553,197.226,-8.277,0,0.295,PBE,55.659,154.922,5.333,0.257,3,0.124,427.148,1.778,3,0.855,23.533,1.255,15.255,1.242,16.498,11.844,3.715,0.4
HfRhBi,stable,3,6.404,12.399,21.891,271.429,-7.671,0,0.145,PBE,65.672,128.435,5.333,0.238,3,0.114,399.445,1.811,3,0.871,18.968,1.255,9.317,0.991,10.308,16.492,4.874,0.4
HfRhP,unstable,3,5.936,9.92,17.429,172.9,-8.566,0,0.855,PBE,52.287,167.249,5.333,0.616,3,0.296,124.674,1.884,3,0.906,23.287,1.255,18.864,1.365,20.229,6.18,3.159,0.4
HfRhSb,stable,3,6.282,10.803,20.657,223.152,-8.067,0,1.126,PBE,61.97,145.615,5.333,3.26,3,1.567,8.907,2.129,3,1.023,16.877,1.255,14.004,1.153,15.157,2.641,3.411,0.4
HfRuTe,unstable,3,6.277,10.932,20.615,225.368,-8.075,0,0.066,PBE,61.844,147.603,5.333,0.207,9,0.048,1693.412,4.851,3,2.332,4.974,1.255,14.205,1.154,15.359,64.32,2.082,0.4
LaAuSi,unstable,3,6.751,7.858,25.638,201.455,-5.105,0,0.241,PBE,76.915,76.672,5.333,1.331,6,0.403,35.932,1.121,6,0.339,46.514,1.255,5.745,0.912,6.657,14.3,15.856,0.4
LaAuSn,other_structure,3,6.995,8.82,28.528,251.617,-4.856,0,0.143,PBE,85.583,68.537,5.333,1.28,6,0.388,34.087,1.417,14,0.244,68.231,1.255,4.179,0.786,4.964,17.556,54.069,0.4
LaCoS,unstable,3,6.13,6.628,19.198,127.255,-6.084,0,0.32,PBE,57.595,98.687,5.333,0.604,9,0.14,227.013,10.086,10,2.173,3.697,1.255,10.203,1.241,11.445,30.347,6.495,0.4
LaCoSe,unstable,3,6.295,7.372,20.784,153.212,-5.902,0,0.066,PBE,62.351,90.744,5.333,0.248,9,0.057,792.901,10.47,10,2.256,3.214,1.255,7.846,1.099,8.946,60.886,7.472,0.4
LaCoTe,unstable,3,6.545,7.709,23.366,180.135,-5.751,0,0.632,PBE,70.099,83.991,5.333,4.619,9,1.068,9.137,9.49,1,9.49,0.345,1.255,6.766,0.994,7.761,11.238,0.337,0.4
LaCuC,unstable,3,6.009,6.564,18.084,118.708,-5.144,0,0.333,PBE,54.252,88.674,5.333,1.852,3,0.89,12.665,4.779,6,1.447,6.111,1.255,7.827,1.206,9.033,3.789,5.661,0.4
LaFeF,unstable,3,6.494,5.184,22.822,118.313,-4.327,2.668,0.056,MBJ,68.466,35.166,5.333,13.1,9,3.028,0.801,11.622,5,3.975,0.533,1.255,1.566,0.791,2.357,8.288,3.911,0.4
LaHgAl,unstable,3,7.012,7.061,28.73,202.85,-3.289,0,0.066,PBE,86.189,56.874,5.333,1.07,9,0.247,55.481,4.102,17,0.62,13.964,1.255,3.64,0.798,4.438,32.005,34.815,0.4
LaHgIn,stable,3,7.165,8.204,30.653,251.468,-3.049,0,0.121,PBE,91.958,52.197,5.333,1,3,0.481,18.794,4.6,17,0.696,10.792,1.255,2.617,0.694,3.311,8.808,28.036,0.4
LaNiAs,stable,3,6.37,7.002,21.543,150.844,-5.898,0,0.626,PBE,64.629,86.178,5.333,2.906,9,0.672,18.786,7.573,1,7.573,0.496,1.255,7.63,1.086,8.716,13.558,0.352,0.4
LaNiP,other_structure,3,6.247,6.229,20.312,126.518,-6.097,0,0.698,PBE,60.936,93.785,5.333,3.062,9,0.708,18.906,8.187,10,1.764,4.804,1.255,10.206,1.225,11.431,10.904,7.004,0.4
LaNiSb,other_structure,3,6.619,7.315,24.165,176.769,-5.702,0,0.453,PBE,72.496,78.517,5.333,2.491,9,0.576,21.568,1.674,1,1.674,4.352,1.255,6.352,0.976,7.328,16.116,0.944,0.4
LaPtSb,unstable,3,6.859,9.38,26.893,252.263,-6.21,0,0.05,PBE,80.679,85.383,5.333,0.056,9,0.013,6903.559,1.176,14,0.202,112.472,1.255,6.068,0.867,6.935,179.94,53.926,0.4
LaRhS,unstable,3,6.404,6.927,21.885,151.594,-6.486,0,0.366,PBE,65.655,96.228,5.333,0.2,9,0.046,1162.399,4.893,5,1.673,5.334,1.255,9.977,1.148,11.125,59.1,3.811,0.4
LaRhSe,unstable,3,6.545,7.6,23.363,177.551,-6.342,0,0.128,PBE,70.089,90.539,5.333,0.151,9,0.035,1659.377,4.274,2,2.692,2.459,1.255,8.132,1.04,9.172,79.688,1.308,0.4
LaRhTe,stable,3,6.76,7.941,25.748,204.474,-6.227,0,0.749,PBE,77.243,86.242,5.333,2.653,9,0.613,21.554,3.247,2,2.046,3.537,1.255,7.382,0.961,8.343,14.972,1.615,0.4
LaRuF,unstable,3,6.037,7.82,18.331,143.345,-5.85,0.002,0.056,MBJ,54.993,82.975,5.333,3.016,9,0.697,17.112,8.297,1,8.297,0.417,1.255,5.508,1.064,6.573,16.932,0.426,0.4
LiAlGe,,3,6.061,3.179,18.555,58.984,-3.545,0,0.371,PBE,55.664,51.337,5.333,1.617,3,0.777,8.989,0.768,30,0.08,274.398,1.255,5.727,1.308,7.035,3.056,119.951,0.4
MnNiB,unstable,3,5.057,6.391,10.778,68.881,-6.654,2,0.06,PBE,32.334,193.676,5.333,19.488,3,9.369,0.81,21.477,6,6.504,1.401,1.255,32.402,2.149,34.551,0.527,1.312,0.4
MoIrB,unstable,3,5.599,11.314,14.628,165.494,-8.536,0,0.325,MBJ,43.884,242.51,5.333,1.567,3,0.753,44.496,2.326,8,0.582,65.625,1.255,32.611,1.632,34.243,3.022,9.412,0.4
MoIrTl,unstable,3,6.217,13.617,20.022,272.638,-6.866,0,0.169,MBJ,60.065,165.141,5.333,1.76,3,0.846,25.461,1.31,6,0.397,79.26,1.255,13.678,1.105,14.783,4.446,36.728,0.4
MoOsPb,unstable,3,6.237,13.509,20.217,273.098,-7.988,0,0.116,MBJ,60.65,173.706,5.333,2.861,3,1.375,12.925,3.887,14,0.669,38.087,1.255,15.55,1.134,16.684,3.096,22.26,0.4
MoRhB,unstable,3,5.529,8.24,14.085,116.059,-7.948,0,0.497,MBJ,42.255,224.441,5.333,1.143,3,0.55,66.078,1.303,14,0.224,253.598,1.255,39.4,1.863,41.263,2.804,22.408,0.4
NbCoC,unstable,3,5.224,7.632,11.883,90.693,-8.383,0,1.446,PBE,35.65,237.448,5.333,5.046,3,2.426,7.541,4.881,8,1.22,21.14,1.255,43.769,2.107,45.876,1.095,4.41,0.4
NbCoGe,stable,3,5.706,8.026,15.48,124.252,-7.776,0,1.071,PBE,46.441,180.535,5.333,3.725,6,1.128,18.082,7.198,14,1.239,15.705,1.255,26.731,1.64,28.371,4.262,9.4,0.4
NbCoPb,unstable,3,6.051,10.763,18.464,198.733,-6.893,0,0.942,PBE,55.391,141.093,5.333,3.292,3,1.582,8.505,7.896,14,1.359,10.682,1.255,12.173,1.18,13.353,2.888,14.765,0.4
NbCoSi,other_structure,3,5.623,6.723,14.813,99.591,-8.205,0,0.862,PBE,44.439,193.214,5.333,1.942,3,0.934,25.698,7.016,6,2.125,7.486,1.255,37.438,1.881,39.32,1.843,2.251,0.4
NbCoSn,stable,3,5.962,8.479,17.661,149.753,-7.355,0,0.982,PBE,52.982,156.446,5.333,3.463,9,0.8,26.213,9.107,14,1.568,9.564,1.255,19.867,1.421,21.288,9.071,9.427,0.4
NbFeAs,stable,3,5.694,8.046,15.388,123.806,-8.24,0,0.581,PBE,46.163,188.598,5.333,0.733,3,0.352,108.219,4.522,8,1.131,18.827,1.255,29.247,1.678,30.924,4.106,5.439,0.4
NbFeBi,unstable,3,6.081,10.569,18.736,198.009,-7.393,0,0.596,PBE,56.207,145.74,5.333,1.133,3,0.544,43.533,4.49,8,1.122,14.706,1.255,13.505,1.205,14.71,5.137,8.875,0.4
NbFeP,other_structure,3,5.552,6.975,14.263,99.48,-8.656,0,0.507,PBE,42.79,209.284,5.333,0.662,3,0.318,139.896,4.125,8,1.031,23.978,1.255,41.68,1.947,43.627,3.433,4.521,0.4
NbFeSb,stable,3,5.951,8.525,17.565,149.732,-7.886,0,0.507,PBE,52.695,166.863,5.333,0.931,3,0.448,66.827,4.652,10,1.002,19.955,1.255,22.69,1.467,24.157,4.027,8.278,0.4
NbIrC,unstable,3,5.656,10.907,15.079,164.468,-8.624,0,0.283,PBE,45.236,216.764,5.333,0.226,3,0.109,727.35,2.772,8,0.693,45.077,1.255,27.127,1.555,28.682,10.311,9.04,0.4
NbIrGe,stable,3,6.019,10.897,18.172,198.027,-8.477,0,0.634,PBE,54.517,191.362,5.333,0.366,3,0.176,310.733,5.902,14,1.016,22.42,1.255,23.321,1.373,24.695,7.908,48.052,0.4
NbIrPb,unstable,3,6.321,12.947,21.049,272.507,-7.691,0,0.715,PBE,63.146,157.385,5.333,0.93,3,0.447,63.195,5.466,14,0.941,20.693,1.255,13.516,1.088,14.604,6.29,18.779,0.4
NbIrSi,other_structure,3,5.941,9.923,17.472,173.365,-8.901,0,0.485,PBE,52.415,204.37,5.333,0.608,3,0.292,155.315,4.626,14,0.796,34.512,1.255,29.462,1.507,30.969,4.971,12.71,0.4
NbIrSn,stable,3,6.23,11.094,20.149,223.527,-8.178,0,0.631,PBE,60.447,174.466,5.333,0.785,3,0.377,90.355,4.541,14,0.782,30.29,1.255,19.912,1.255,21.168,5.326,16.052,0.4
NbNiAl,unstable,3,5.771,6.172,16.015,98.847,-6.838,0,0,PBE,48.046,149.911,5.333,0.416,3,0.2,201.235,0.446,6,0.135,362.004,1.255,24.93,1.685,26.615,5.327,21.862,0.4
NbNiB,other_structure,3,5.349,7.049,12.753,89.896,-7.477,0,0.58,PBE,38.259,207.562,5.333,2.127,3,1.023,24.087,2.848,6,0.862,31.099,1.255,37.499,2.002,39.501,1.866,4.135,0.4
NbNiTl,unstable,3,6.045,10.704,18.409,197.041,-5.795,0,0.091,PBE,55.226,130.811,5.333,2.587,3,1.244,11.319,1.248,9,0.289,101.285,1.255,10.342,1.141,11.483,3.598,33.139,0.4
NbOsAs,unstable,3,6.015,10.926,18.139,198.19,-9.015,0,0.242,PBE,54.418,195.936,5.333,0.733,3,0.352,112.42,2.099,8,0.525,61.845,1.255,24.467,1.389,25.856,5.101,10.711,0.4
NbOsBi,unstable,3,6.346,12.788,21.3,272.393,-8.328,0,0.318,PBE,63.9,162.956,5.333,0.912,3,0.438,67.354,2.562,8,0.641,38.144,1.255,14.937,1.109,16.047,5.996,12.736,0.4
NbOsP,unstable,3,5.893,10.192,17.058,173.864,-9.349,0,0.16,PBE,51.174,212.157,5.333,0.553,3,0.266,185.802,2.14,8,0.535,65.079,1.255,30.491,1.527,32.018,5.283,9.259,0.4
NbOsSb,stable,3,6.226,11.145,20.109,224.115,-8.808,0,0.264,PBE,60.328,183.893,5.333,0.706,3,0.34,111.517,2.564,8,0.641,42.995,1.255,22.223,1.287,23.51,5.383,9.805,0.4
NbPtAl,unstable,3,6.065,9.379,18.589,174.341,-7.377,0,0.143,PBE,55.766,165.732,5.333,0.487,3,0.234,175.48,2.059,6,0.624,40.375,1.255,20.661,1.367,22.028,6.471,7.191,0.4
NbPtB,unstable,3,5.741,10.491,15.764,165.39,-7.62,0,0.808,PBE,47.293,203.722,5.333,0.741,3,0.356,115.026,2.481,6,0.751,37.532,1.255,25.529,1.515,27.043,5.039,6.439,0.4
NbPtGa,stable,3,6.058,10.686,18.529,197.999,-7.027,0,0.457,PBE,55.588,168.077,5.333,0.453,3,0.218,198.484,2.41,6,0.73,32.336,1.255,18.146,1.291,19.438,7.769,7.52,0.4
NbPtIn,unstable,3,6.274,10.833,20.582,222.96,-6.706,0,0.449,PBE,61.746,150.271,5.333,0.647,3,0.311,103.858,1.538,6,0.466,56.706,1.255,14.93,1.171,16.101,6.768,10.626,0.4
NbPtTl,unstable,3,6.337,12.849,21.211,272.535,-6.257,0,0.592,PBE,63.633,142.36,5.333,4.902,3,2.357,4.722,1.375,6,0.416,63.572,1.255,10.976,1.036,12.012,2.551,33.771,0.4
NbRhC,unstable,3,5.567,8,14.379,115.032,-8.193,0,1.048,PBE,43.138,212.12,5.333,2.354,3,1.131,21.15,3.714,8,0.928,28.454,1.255,36.536,1.825,38.361,1.848,5.55,0.4
NbRhGe,other_structure,3,5.972,8.373,17.747,148.592,-7.9,0,0.649,PBE,53.24,176.01,5.333,0.677,3,0.326,113.678,2.821,6,0.854,26.74,1.255,26.284,1.515,27.798,4.469,5.01,0.4
NbRhPb,unstable,3,6.279,10.813,20.629,223.072,-7.159,0,0.763,PBE,61.887,142.467,5.333,1.246,3,0.599,36.865,6.426,6,1.946,6.297,1.255,13.314,1.14,14.454,4.825,4.759,0.4
NbRhSi,other_structure,3,5.896,7.257,17.078,123.93,-8.285,0,0.473,PBE,51.233,187.189,5.333,0.662,3,0.318,125.215,2.086,6,0.632,44.738,1.255,34.956,1.699,36.656,3.655,4.843,0.4
NbRhSn,stable,3,6.193,8.794,19.797,174.092,-7.595,0,0.659,PBE,59.39,158.157,5.333,0.929,3,0.446,63.614,5.948,6,1.801,7.85,1.255,21.005,1.351,22.356,4.132,3.578,0.4
NbRuAs,other_structure,3,5.962,8.43,17.656,148.839,-8.518,0,0.332,PBE,52.968,185.055,5.333,0.659,3,0.317,124.545,2.604,8,0.651,42.265,1.255,29.033,1.55,30.583,4.342,7.514,0.4
NbRuBi,unstable,3,6.303,10.689,20.866,223.042,-7.824,0,0.421,PBE,62.598,151.15,5.333,0.967,3,0.465,57.232,3.185,8,0.796,25.529,1.255,15.513,1.177,16.689,5.163,9.968,0.4
NbRuP,other_structure,3,5.839,7.506,16.587,124.513,-8.853,0,0.245,PBE,49.762,200.906,5.333,0.634,3,0.305,143.345,2.579,8,0.645,46.566,1.255,38.489,1.748,40.237,3.667,6.237,0.4
NbRuSb,stable,3,6.184,8.866,19.711,174.764,-8.274,0,0.356,PBE,59.133,170.766,5.333,0.768,3,0.369,91.293,2.952,8,0.738,32.326,1.255,24.582,1.4,25.982,4.301,7.572,0.4
ScAgC,unstable,3,5.736,5.803,15.723,91.238,-5.1,0,0.228,PBE,47.17,106.52,5.333,2.384,3,1.146,10.417,0.956,3,0.459,41.05,1.255,12.444,1.474,13.918,2.539,4.394,0.4
ScAuGe,other_structure,3,6.268,8.483,20.525,174.114,-5.353,0,0.297,PBE,61.575,98.743,5.333,1.838,3,0.884,14.266,1.572,3,0.756,18.035,1.255,7.91,1.073,8.983,4.262,4.681,0.4
ScAuSi,other_structure,3,6.174,7.622,19.608,149.453,-5.623,0,0.386,PBE,58.824,109.741,5.333,1.815,3,0.872,16.161,1.783,3,0.857,16.592,1.255,11.047,1.212,12.259,3.498,3.535,0.4
ScAuSn,stable,3,6.493,8.752,22.807,199.615,-5.191,0,0.146,PBE,68.421,92.178,5.333,1.596,3,0.767,16.46,1.752,3,0.842,14.306,1.255,7.012,0.986,7.998,4.864,4.599,0.4
ScCdIn,unstable,3,6.676,6.075,24.799,150.658,-3.336,0,0.068,MBJ,74.398,58.41,5.333,2.127,3,1.023,6.778,2.674,3,1.286,4.808,1.255,4.205,0.916,5.12,4.052,3.532,0.4
ScCdTl,unstable,3,6.748,7.821,25.602,200.233,-3.074,0,0.113,MBJ,76.807,52.036,5.333,2.125,3,1.022,6.047,2.42,3,1.163,4.976,1.255,2.444,0.754,3.198,5.783,12.857,0.4
ScCoS,unstable,3,5.585,5.185,14.514,75.252,-6.655,0,0.672,PBE,43.542,132.323,5.333,1,3,0.481,47.661,5.325,2,3.354,2.585,1.255,21.891,1.785,23.676,3.123,0.649,0.4
ScCoSe,unstable,3,5.776,6.302,16.06,101.209,-6.416,0,0.292,PBE,48.18,121.174,5.333,0.411,3,0.197,165.818,4.677,3,2.249,4.312,1.255,15.19,1.498,16.688,6.92,1.608,0.4
ScCoTe,stable,3,6.043,6.968,18.389,128.132,-6.264,0,0.889,PBE,55.167,113.128,5.333,4.093,3,1.967,4.919,3.192,3,1.535,7.14,1.255,12.63,1.315,13.946,1.946,2.258,0.4
ScCuC,unstable,3,5.352,5.22,12.778,66.705,-5.862,0,0.118,PBE,38.334,131.888,5.333,1.828,3,0.879,19.205,0.896,3,0.431,55.983,1.255,19.8,1.853,21.654,2.369,3.634,0.4
ScHgAl,unstable,3,6.441,6.773,22.273,150.847,-3.674,0,0.103,PBE,66.819,76.804,5.333,1.155,3,0.555,22.261,3.62,3,1.741,4.014,1.255,6.293,1.031,7.324,5.372,2.707,0.4
ScHgB,unstable,3,6.029,7.768,18.266,141.897,-3.831,0,0.17,PBE,54.798,94.817,5.333,1.625,3,0.781,16.472,1.802,3,0.866,14.112,1.255,7.446,1.143,8.589,4.608,4.331,0.4
ScHgGa,unstable,3,6.431,7.875,22.159,174.505,-3.422,0,0.077,PBE,66.478,73.059,5.333,1.339,3,0.644,16.976,2.791,3,1.342,5.642,1.255,4.672,0.934,5.606,6.111,3.933,0.4
ScHgIn,unstable,3,6.665,8.085,24.672,199.466,-3.29,0,0.378,MBJ,74.017,67.349,5.333,1.301,3,0.626,16.335,2.662,3,1.28,5.583,1.255,4.058,0.854,4.911,6.541,4.258,0.4
ScHgTl,unstable,3,6.76,9.674,25.743,249.042,-2.997,0,0.153,MBJ,77.23,57.973,5.333,1.384,3,0.666,12.814,2.371,3,1.14,5.716,1.255,2.406,0.714,3.12,8.541,15.121,0.4
ScNiAs,stable,3,5.822,6.01,16.447,98.841,-6.45,0,0.467,PBE,49.341,119.007,5.333,2.667,3,1.282,9.834,1.418,3,0.682,25.378,1.255,15.71,1.508,17.218,2.143,3.132,0.4
ScNiBi,stable,3,6.247,8.519,20.313,173.045,-5.822,0,0.179,PBE,60.939,90.751,5.333,2.308,3,1.11,9.315,1.312,3,0.631,21.747,1.255,6.481,1.031,7.512,4.086,5.735,0.4
ScNiP,other_structure,3,5.669,4.908,15.181,74.516,-6.754,0,0.58,PBE,45.543,132.603,5.333,2.997,3,1.441,9.201,1.607,3,0.773,23.428,1.255,24.223,1.809,26.032,1.473,2.141,0.4
ScNiSb,stable,3,6.103,6.586,18.944,124.767,-6.179,0,0.263,PBE,56.831,105.623,5.333,2.222,3,1.068,11.478,1.551,3,0.746,19.676,1.255,11.849,1.294,13.143,2.781,3.45,0.4
ScPtP,other_structure,3,6.019,8.257,18.169,150.01,-7.017,0,0.085,PBE,54.506,131.587,5.333,0.119,3,0.057,1146.887,1.09,2,0.687,27.739,1.255,14.248,1.308,15.557,16.906,2.543,0.4
ScPtSb,stable,3,6.375,9.277,21.587,200.261,-6.649,0,0.659,PBE,64.761,116.107,5.333,2.984,3,1.434,8.11,1.257,3,0.604,29.667,1.255,10.506,1.094,11.6,2.902,4.875,0.4
ScRhTe,stable,3,6.294,7.337,20.781,152.471,-6.615,0,0.463,PBE,62.344,113.466,5.333,0.987,3,0.474,41.671,1.18,3,0.567,31.86,1.255,12.952,1.232,14.184,4.505,4.046,0.4
TaCoC,unstable,3,5.216,11.79,11.826,139.425,-8.9,0,1.536,PBE,35.478,239.881,5.333,4.935,3,2.372,7.878,5.02,8,1.255,20.475,1.255,26.281,1.707,27.988,1.837,7.18,0.4
TaCoGe,stable,3,5.698,11.222,15.415,172.984,-8.297,0,1.206,PBE,46.246,191.789,5.333,3.19,3,1.533,12.12,7.87,14,1.355,14.595,1.255,20.27,1.432,21.702,2.462,12.374,0.4
TaCoPb,unstable,3,6.041,13.467,18.376,247.465,-7.365,0,0.973,PBE,55.127,149.931,5.333,3.059,3,1.471,10.089,9.4,17,1.422,10.612,1.255,10.569,1.089,11.659,3.673,21.24,0.4
TaCoSi,other_structure,3,5.614,10.059,14.745,148.323,-8.751,0,1.238,PBE,44.235,205.737,5.333,3.444,3,1.656,11.588,8.629,8,2.157,7.792,1.255,26.268,1.59,27.858,1.965,4.47,0.4
TaCoSn,stable,3,5.952,11.299,17.567,198.485,-7.857,0,1.039,PBE,52.702,166.828,5.333,2.854,3,1.372,12.459,9.229,14,1.589,9.997,1.255,16.096,1.274,17.37,2.86,12.222,0.4
TaFeAs,stable,3,5.688,11.25,15.337,172.538,-8.734,0,0.9205,PBE,46.01,198.364,5.333,0.827,3,0.397,94.991,4.144,8,1.036,22.576,1.255,21.702,1.457,23.159,5.364,8.05,0.4
TaFeBi,unstable,3,6.072,13.224,18.659,246.741,-7.862,0,0.92,PBE,55.977,154.273,5.333,3.754,3,1.805,7.636,4.754,8,1.188,14.288,1.255,11.63,1.11,12.74,3.059,10.481,0.4
TaFeP,other_structure,3,5.545,10.434,14.205,148.212,-9.168,0,0.837,PBE,42.615,220.237,5.333,0.711,3,0.342,132.24,4.079,8,1.02,25.664,1.255,28.504,1.635,30.139,5.009,6.933,0.4
TaFeSb,stable,3,5.943,11.348,17.489,198.464,-8.379,0,0.856,PBE,52.468,177.775,5.333,1.036,9,0.239,182.019,4.777,8,1.194,16.347,1.255,18.38,1.314,19.694,22.982,7.791,0.4
TaIrGe,stable,3,6.013,13.623,18.113,246.759,-9.018,0,0.932,PBE,54.34,202.793,5.333,0.7,3,0.337,124.639,4.481,8,1.12,20.525,1.255,20.167,1.266,21.433,6.547,8.485,0.4
TaIrSi,other_structure,3,5.935,12.751,17.418,222.097,-9.459,0,0.795,PBE,52.255,215.602,5.333,0.629,3,0.302,155.655,6.045,8,1.511,13.927,1.255,24.396,1.367,25.763,6.176,6.271,0.4
TaIrSn,stable,3,6.219,13.581,20.047,272.259,-8.705,0,0.942,PBE,60.142,185.752,5.333,0.831,9,0.192,264.631,6.442,8,1.611,10.906,1.255,17.826,1.173,18.999,28.408,7.052,0.4
TaNiAl,unstable,3,5.76,9.268,15.923,147.579,-7.362,0,0.585,MBJ,47.768,161.643,5.333,1.341,3,0.645,37.487,0.988,14,0.17,276.409,1.255,17.891,1.431,19.322,3.92,40.677,0.4
TaNiB,other_structure,3,5.338,10.939,12.673,138.629,-8.029,0,0.778,PBE,38.018,217.954,5.333,1.764,3,0.848,33.493,4.138,11,0.837,34.179,1.255,24.373,1.651,26.023,3.329,12.304,0.4
TaNiGa,unstable,3,5.737,10.884,15.732,171.237,-7.079,0,0.243,PBE,47.197,168.074,5.333,1.54,3,0.74,31.667,1.29,14,0.222,192.613,1.255,15.913,1.352,17.265,4.198,40.332,0.4
TaNiIn,unstable,3,5.989,10.961,17.899,196.198,-6.643,0,0.181,PBE,53.697,145.008,5.333,1.574,3,0.757,26.423,1.463,11,0.296,108.21,1.255,12.392,1.198,13.59,4.54,29.256,0.4
TaNiTl,unstable,3,6.032,13.437,18.291,245.773,-6.238,0,0.427,MBJ,54.873,138.713,5.333,1.511,3,0.726,26.885,2.564,3,1.233,12.164,1.255,8.892,1.051,9.943,6.084,24.585,0.4
TaOsBi,unstable,3,6.338,15.134,21.218,321.125,-8.83,0,0.132,MBJ,63.655,170.245,5.333,2.411,3,1.159,16.368,2.528,8,0.632,40.667,1.255,13.374,1.044,14.417,3.89,14.93,0.4
TaOsP,unstable,3,5.89,13.07,17.031,222.596,-9.873,0,0.049,PBE,51.094,219.375,5.333,0.183,3,0.088,1005.257,2.372,8,0.593,57.653,1.255,24.236,1.372,25.608,13.24,11.253,0.4
TaOsSb,stable,3,6.217,13.622,20.029,272.847,-9.327,0,0.551,PBE,60.088,193.959,5.333,0.724,3,0.348,113.447,2.516,8,0.629,46.648,1.255,19.535,1.197,20.732,6.346,11.861,0.4
TaPtAl,unstable,3,6.052,12.079,18.468,223.073,-7.918,0,0.572,PBE,55.405,178.819,5.333,0.647,3,0.311,123.767,2.776,8,0.694,37.112,1.255,17.894,1.254,19.148,6.776,11.162,0.4
TaPtB,unstable,3,5.733,13.634,15.706,214.123,-8.178,0,1.327,PBE,47.117,215.282,5.333,1.08,3,0.519,69.073,6.746,3,3.243,4.423,1.255,20.921,1.367,22.289,5.153,1.716,0.4
TaPtGa,stable,3,6.045,13.402,18.41,246.731,-7.554,0,0.94,PBE,55.23,181.458,5.333,0.895,3,0.43,77.138,4.401,11,0.89,25.941,1.255,16.253,1.201,17.454,6.208,14.719,0.4
TaPtIn,unstable,3,6.259,13.299,20.429,271.692,-7.203,0,0.923,PBE,61.288,161.87,5.333,2.308,3,1.11,16.615,4.024,3,1.935,7.219,1.255,13.648,1.099,14.747,3.712,2.659,0.4
TaPtTl,unstable,3,6.322,15.255,21.06,321.267,-6.724,0,0.952,PBE,63.18,152.878,5.333,3.518,3,1.691,8.342,3.945,3,1.896,7.025,1.255,10.382,0.987,11.369,3.532,28.83,0.4
TaRhC,unstable,3,5.557,11.45,14.302,163.765,-8.722,0,0.645,PBE,42.907,214.239,5.333,0.32,3,0.154,425.167,5.181,11,1.047,23.982,1.255,24.052,1.536,25.588,9.259,10.749,0.4
TaRhGe,stable,3,5.961,11.18,17.65,197.324,-8.421,0,1.07,PBE,52.95,186.818,5.333,0.853,3,0.41,85.417,9.161,11,1.852,8.893,1.255,21.021,1.353,22.374,5.133,7.614,0.4
TaRhPb,unstable,3,6.266,13.26,20.499,271.804,-7.637,0,1.049,PBE,61.496,151.718,5.333,2.86,3,1.375,11.292,6.398,3,3.076,3.375,1.255,11.892,1.065,12.957,3.482,2.148,0.4
TaRhSi,other_structure,3,5.885,10.168,16.981,172.662,-8.827,0,0.868,PBE,50.944,197.92,5.333,0.64,3,0.308,139.215,7.415,8,1.854,9.41,1.255,26.137,1.479,27.616,5.234,4.751,0.4
TaRhSn,stable,3,6.18,11.326,19.673,222.824,-8.1,0,1.047,PBE,59.019,168.556,5.333,1.354,3,0.651,38.52,8.942,11,1.808,8.321,1.255,17.703,1.231,18.934,4.147,8.237,0.4
TaRuAs,stable,3,5.955,11.228,17.595,197.571,-9.021,0,0.452,PBE,52.786,193.138,5.333,0.457,3,0.22,225.25,2.816,8,0.704,39.233,1.255,22.464,1.374,23.838,7.243,9.601,0.4
TaRuBi,unstable,3,6.293,13.087,20.767,271.774,-8.306,0,0.455,PBE,62.301,159.409,5.333,0.365,3,0.175,260.342,3.106,8,0.777,27.956,1.255,13.601,1.094,14.695,11.097,12.121,0.4
TaRuP,other_structure,3,5.831,10.488,16.518,173.245,-9.368,0,0.533,PBE,49.554,208.181,5.333,0.647,3,0.311,144.094,2.795,8,0.699,42.766,1.255,27.639,1.508,29.147,5.183,8.502,0.4
TaRuSb,stable,3,6.175,11.391,19.621,223.496,-8.775,0,0.631,PBE,58.862,180.683,5.333,0.743,3,0.357,101.495,3.144,8,0.786,31.117,1.255,20.473,1.272,21.745,5.546,9.217,0.4
TiAgAl,unstable,3,6.112,5.317,19.023,101.136,-4.678,0,0.151,PBE,57.069,98.093,5.333,1.323,3,0.636,23.199,8.202,3,3.943,1.503,1.255,13.088,1.386,14.475,3.2,1.071,0.4
TiAgB,unstable,3,5.66,6.101,15.109,92.185,-5.011,0,0.337,PBE,45.328,133.312,5.333,2.208,3,1.062,14.625,3.813,3,1.833,6.445,1.255,18.75,1.63,20.379,2.272,1.637,0.4
TiAgGa,unstable,3,6.088,6.638,18.8,124.794,-4.426,0,0.177,PBE,56.401,98.73,5.333,1.625,3,0.781,17.157,6.771,3,3.255,2.017,1.255,10.055,1.25,11.304,3.646,1.549,0.4
TiAgIn,unstable,3,6.342,7.046,21.254,149.755,-4.221,0,0.072,PBE,63.763,86.833,5.333,1.929,3,0.927,11.668,6.134,3,2.949,2.057,1.255,7.631,1.092,8.723,3.749,1.873,0.4
TiAuAl,other_structure,3,6.094,7.979,18.857,150.453,-5.343,0,0.695,PBE,56.57,120.029,5.333,3.163,3,1.521,7.681,12.11,3,5.822,1.025,1.255,12.418,1.255,13.674,2.457,1.098,0.4
TiAuB,unstable,3,5.7,9.167,15.436,141.503,-5.592,0,0.864,PBE,46.307,154.407,5.333,3.85,3,1.851,7.358,4.128,3,1.984,6.628,1.255,16.046,1.421,17.467,2.2,2.11,0.4
TiAuGa,unstable,3,6.09,9.25,18.823,174.111,-5.031,0,0.622,PBE,56.469,119.601,5.333,3.196,3,1.537,7.535,8.274,3,3.978,1.809,1.255,10.279,1.165,11.444,2.908,1.643,0.4
TiAuIn,unstable,3,6.337,9.389,21.202,199.072,-4.786,0,0.424,PBE,63.605,105.515,5.333,2.925,3,1.406,7.593,7.126,3,3.426,1.997,1.255,8.274,1.043,9.318,3.323,1.947,0.4
TiAuTl,unstable,3,6.419,11.28,22.043,248.647,-4.4,0,0.326,PBE,66.13,96.077,5.333,2.888,3,1.389,7.046,6.068,3,2.917,2.314,1.255,5.518,0.897,6.414,4.428,19.956,0.4
TiCoAs,stable,3,5.601,6.869,14.643,100.585,-7.328,0,1.3,PBE,43.929,164.368,5.333,6.119,3,2.942,3.909,9.759,3,4.692,1.941,1.255,25.289,1.723,27.012,1.147,0.867,0.4
TiCoBi,stable,3,6.026,9.586,18.233,174.789,-6.511,0,0.896,PBE,54.7,123.841,5.333,5.518,3,2.653,3.439,7.742,3,3.722,2.07,1.255,10.409,1.177,11.586,2.143,1.749,0.4
TiCoP,other_structure,3,5.44,5.683,13.419,76.26,-7.739,0,1.375,PBE,40.257,185.328,5.333,5.408,3,2.6,5.305,10.337,11,2.09,7.361,1.255,39.22,2.072,41.292,0.911,3.807,0.4
TiCoSb,stable,3,5.881,7.462,16.954,126.511,-6.965,0,1.053,PBE,50.862,143.102,5.333,5.346,3,2.57,4.167,10.583,11,2.14,5.487,1.255,18.538,1.469,20.007,1.461,5.982,0.4
TiCuB,unstable,3,5.3,5.452,12.408,67.653,-5.851,0,0.216,PBE,37.224,159.657,5.333,1.508,3,0.725,31.047,4.091,3,1.967,6.947,1.255,28.132,2.015,30.147,2.313,1.271,0.4
TiCuGa,unstable,3,5.773,6.252,16.036,100.261,-5.015,0,0.065,PBE,48.107,113.889,5.333,1.098,3,0.528,35.651,6.622,3,3.183,2.406,1.255,13.354,1.459,14.812,4.062,1.382,0.4
TiFePo,unstable,3,6.035,9.45,18.316,173.09,-6.488,0,0.69,PBE,54.948,125.729,5.333,0.952,3,0.458,48.752,7.996,11,1.617,7.34,1.255,10.987,1.192,12.179,5.941,10.215,0.4
TiFeS,unstable,3,5.412,5.689,13.21,75.154,-7.408,0,1.101,PBE,39.629,177.363,5.333,1.777,3,0.854,26.948,7.086,8,1.772,9.027,1.255,35.162,2.036,37.198,1.886,3.248,0.4
TiFeSe,unstable,3,5.604,6.893,14.669,101.111,-7.099,0,0.901,PBE,44.007,159.409,5.333,1.23,3,0.591,42.092,6.03,8,1.508,10.334,1.255,23.557,1.693,25.25,3.116,4.737,0.4
TiFeTe,stable,3,5.874,7.58,16.891,128.034,-6.899,0,0.957,PBE,50.674,146.945,5.333,1.952,3,0.939,19.394,6.729,8,1.682,8.081,1.255,19.241,1.479,20.72,2.652,4.983,0.4
TiIrAs,stable,3,5.931,10.027,17.388,174.36,-7.919,0,0.758,PBE,52.165,170.904,5.333,0.984,9,0.227,189.135,4.69,3,2.255,6.057,1.255,19.504,1.373,20.877,21.5,1.809,0.4
TiIrBi,stable,3,6.302,11.916,20.86,248.563,-7.263,0,0.617,PBE,62.581,138.221,5.333,2.723,3,1.309,11.076,4.564,3,2.194,5.104,1.255,11.145,1.066,12.211,3.467,2.543,0.4
TiIrP,unstable,3,5.791,9.273,16.18,150.034,-8.255,0,0.896,PBE,48.541,188.372,5.333,1.344,3,0.646,43.503,4.86,3,2.337,6.329,1.255,25.375,1.536,26.911,3.274,1.514,0.4
TiIrSb,stable,3,6.165,10.259,19.522,200.285,-7.706,0,0.807,PBE,58.566,159.534,5.333,3.139,3,1.509,10.327,4.927,3,2.369,5.251,1.255,17.586,1.262,18.847,2.381,1.816,0.4
TiNiC,unstable,3,5.099,5.94,11.048,65.631,-7.264,0,0.97,PBE,33.144,203.885,5.333,3.714,3,1.786,10.253,2.717,3,1.306,16.385,1.255,40.348,2.268,42.616,1.216,1.467,0.4
TiNiGe,stable,3,5.661,6.563,15.114,99.19,-6.587,0,0.625,PBE,45.343,146.947,5.333,2.661,3,1.279,12.185,5.285,3,2.541,4.354,1.255,21.297,1.649,22.947,1.989,1.318,0.4
TiNiPb,unstable,3,6.042,9.448,18.381,173.67,-5.804,0,0.339,PBE,55.142,110.792,5.333,2.95,3,1.418,7.873,3.865,3,1.858,5.249,1.255,8.321,1.118,9.439,3.427,2.914,0.4
TiNiSi,other_structure,3,5.568,5.18,14.386,74.528,-6.971,0,0.743,PBE,43.159,159.361,5.333,2.49,3,1.197,14.6,7.874,3,3.785,2.597,1.255,32.9,1.966,34.866,1.477,0.74,0.4
TiNiSn,stable,3,5.942,7.133,17.482,124.69,-6.212,0,0.442,PBE,52.446,125.264,5.333,2.688,3,1.292,10.23,5.026,3,2.416,4.002,1.255,14.879,1.391,16.271,2.376,1.632,0.4
TiOsTe,unstable,3,6.163,10.376,19.509,202.418,-7.715,0,0.478,PBE,58.527,161.82,5.333,0.27,3,0.13,415.51,6.4,3,3.077,3.598,1.255,17.894,1.264,19.158,10.355,1.549,0.4
TiPtC,unstable,3,5.553,9.893,14.266,141.125,-7.202,0,0.418,PBE,42.797,181.595,5.333,0.225,3,0.108,611.196,2.395,2,1.509,11.756,1.255,19.885,1.523,21.407,11.588,1.591,0.4
TiPtGe,stable,3,5.983,9.788,17.846,174.684,-6.978,0,0.845,PBE,53.539,154.395,5.333,4.282,3,2.058,6.274,4.539,3,2.182,5.748,1.255,16.314,1.31,17.623,2.045,1.975,0.4
TiPtPb,unstable,3,6.33,11.791,21.132,249.164,-6.286,0,0.712,PBE,63.396,121.255,5.333,8.32,3,4,1.819,4.069,3,1.956,5.317,1.255,8.517,0.999,9.516,1.997,3.067,0.4
TiPtSi,other_structure,3,5.889,8.816,17.017,150.022,-7.367,0,0.863,PBE,51.05,167.809,5.333,1.559,3,0.75,31.021,6.095,3,2.93,4.014,1.255,21.594,1.462,23.056,3.115,1.375,0.4
TiPtSn,stable,3,6.218,9.99,20.038,200.184,-6.715,0,0.764,PBE,60.115,139.058,5.333,7.17,3,3.447,2.607,5.232,3,2.515,4.183,1.255,13.629,1.183,14.813,1.608,1.943,0.4
TiRhAs,stable,3,5.882,7.366,16.96,124.925,-7.446,0,0.795,PBE,50.88,157.132,5.333,1.86,3,0.894,22.306,4.254,3,2.045,6.447,1.255,23.179,1.549,24.728,2.447,1.489,0.4
TiRhBi,stable,3,6.264,9.722,20.483,199.128,-6.792,0,0.69,PBE,61.448,124.931,5.333,7.145,3,3.435,2.355,4.25,3,2.043,5.134,1.255,11.273,1.129,12.402,1.73,2.362,0.4
TiRhP,stable,3,5.74,6.383,15.76,100.599,-7.776,0,0.799,PBE,47.28,173.82,5.333,1.585,3,0.762,31.349,3.384,3,1.627,10.053,1.255,32.87,1.794,34.664,2.125,1.348,0.4
TiRhSb,stable,3,6.13,7.857,19.199,150.85,-7.2,0,0.719,PBE,57.596,143.445,5.333,4.431,3,2.13,5.536,4.6,3,2.211,5.234,1.255,19.011,1.375,20.385,1.609,1.573,0.4
TiRuTe,unstable,3,6.126,7.989,19.159,153.067,-7.279,0,0.745,PBE,57.476,148.165,5.333,2.81,3,1.351,11.325,5.747,3,2.763,3.872,1.255,19.987,1.387,21.373,2.084,1.356,0.4
VCoC,unstable,3,4.948,6.683,10.095,67.465,-8.061,0,0.936,PBE,30.286,251.033,5.333,1.278,3,0.615,62.521,5.644,11,1.141,24.714,1.255,52.222,2.446,54.667,2.214,5.6,0.4
VCoGe,stable,3,5.507,7.257,13.921,101.024,-7.215,0,0.66,PBE,41.762,177.083,5.333,1.898,3,0.913,24.372,11.765,8,2.941,4.213,1.255,26.979,1.77,28.749,2.342,3.095,0.4
VCoPb,unstable,3,5.899,10.26,17.106,175.505,-6.27,0,0.638,PBE,51.319,130.946,5.333,5.496,3,2.642,3.659,11.841,3,5.692,1.157,1.255,10.395,1.195,11.589,2.271,1.433,0.4
VCoSi,other_structure,3,5.404,5.807,13.15,76.363,-7.685,0,0.526,PBE,39.45,193.569,5.333,1.331,3,0.64,45.403,9.743,8,2.436,6.11,1.255,41.508,2.109,43.617,2.089,2.497,0.4
VCoSn,unstable,3,5.795,7.8,16.221,126.525,-6.737,0,0.614,PBE,48.663,149.172,5.333,3.531,3,1.697,8.095,13.44,11,2.717,3.997,1.255,18.701,1.489,20.19,1.936,5.354,0.4
VFeAs,stable,3,5.491,7.29,13.796,100.578,-7.752,0,0.342,PBE,41.389,189.975,5.333,1.493,3,0.718,37.493,5.431,8,1.358,14.41,1.255,31.168,1.835,33.002,2.529,4.6,0.4
VFeBi,unstable,3,5.927,10.072,17.353,174.781,-6.804,0,0.332,PBE,52.06,138.494,5.333,4.83,3,2.322,4.697,7.428,8,1.857,6.567,1.255,12.153,1.234,13.387,2.246,6.85,0.4
VFeP,stable,3,5.325,6.06,12.582,76.252,-8.242,0,0.302,PBE,37.746,214.973,5.333,1.088,3,0.523,68.179,4.795,8,1.199,19.654,1.255,48.285,2.208,50.492,2.261,26.847,0.4
VFeSb,stable,3,5.782,7.853,16.109,126.503,-7.315,0,0.321,PBE,48.326,162.745,5.333,1.705,9,0.394,78.98,6.419,8,1.605,9.608,1.255,22.394,1.553,23.948,12.835,4.912,0.4
VIrC,unstable,3,5.386,10.849,13.019,141.239,-8.248,0,0.305,PBE,39.057,229.091,5.333,2.387,3,1.148,22.358,3.309,8,0.827,36.538,1.255,27.995,1.684,29.679,2.558,8.303,0.4
VIrGe,stable,3,5.831,10.581,16.52,174.799,-7.886,0,0.295,PBE,49.559,188.927,5.333,1.271,3,0.611,47.462,8.13,11,1.644,10.757,1.255,22.051,1.43,23.481,3.892,7.882,0.4
VIrPb,,3,6.188,12.622,19.749,249.279,-7.001,0,1.132,MBJ,59.248,147.514,5.333,4.401,3,2.116,5.753,9.422,3,4.53,1.836,1.255,11.571,1.09,12.661,2.676,1.694,0.4
VIrSi,stable,3,5.732,9.567,15.692,150.137,-8.371,0,0.184,PBE,47.077,204.679,5.333,0.995,3,0.478,74.254,7.112,11,1.438,14.245,1.255,28.772,1.592,30.364,3.778,7.156,0.4
VIrSn,unstable,3,6.08,10.694,18.731,200.299,-7.51,0,0.293,PBE,56.192,166.402,5.333,1.547,3,0.744,31.143,9.536,11,1.928,7.459,1.255,17.86,1.28,19.14,3.739,7.74,0.4
VNiAl,unstable,3,5.578,5.23,14.46,75.619,-6.25,0,0.12,PBE,43.379,143.521,5.333,6.03,3,2.899,3.489,1.411,8,0.353,82.188,1.255,25.874,1.853,27.727,0.984,9.285,0.4
VNiB,unstable,3,5.088,6.075,10.974,66.668,-7.023,0,0.904,PBE,32.922,209.252,5.333,4.588,3,2.206,7.666,7.435,3,3.575,3.715,1.255,41.404,2.277,43.682,1.073,0.803,0.4
VNiGa,unstable,3,5.56,6.931,14.323,99.277,-5.975,0,0.319,PBE,42.969,148.818,5.333,4.611,3,2.217,5.411,2.466,11,0.499,50.713,1.255,19.773,1.645,21.417,1.552,13.924,0.4
VNiIn,unstable,3,5.847,7.457,16.662,124.238,-5.54,0,0.223,PBE,49.985,123.72,5.333,8.035,3,3.863,1.956,2.816,3,1.354,9.425,1.255,13.282,1.374,14.656,1.351,2.534,0.4
VOsAs,unstable,3,5.822,10.64,16.444,174.962,-8.476,0,0.079,PBE,49.332,198.697,5.333,1.209,3,0.581,53.809,3.18,3,1.529,12.615,1.255,24.42,1.464,25.884,3.827,2.142,0.4
VOsBi,unstable,3,6.208,12.495,19.941,249.165,-7.656,0,0.119,PBE,59.824,155.111,5.333,3.802,3,1.828,7.531,3.644,3,1.752,8.027,1.255,13.183,1.119,14.302,2.719,2.789,0.4
VOsP,unstable,3,5.674,9.896,15.222,150.636,-8.901,0,1.099,MBJ,45.667,218.599,5.333,0.984,3,0.473,80.583,3.072,3,1.477,14.617,1.255,31.311,1.634,32.945,3.742,1.89,0.4
VOsSb,unstable,3,6.07,10.777,18.64,200.887,-8.172,0,0.109,PBE,55.921,178.244,5.333,1.788,3,0.86,26.834,3.483,11,0.704,36.195,1.255,20.539,1.322,21.861,3.214,13.283,0.4
VPtAl,unstable,3,5.876,8.936,16.91,151.113,-6.803,0,1.015,MBJ,50.731,157.257,5.333,1.141,3,0.548,46.467,3.013,11,0.609,39.683,1.255,18.316,1.408,19.725,4.116,14.168,0.4
VPtB,unstable,3,5.488,10.32,13.775,142.162,-7.176,0,0.369,PBE,41.324,205.983,5.333,1.221,3,0.587,54.953,6.763,3,3.252,4.216,1.255,24.399,1.606,26.006,3.925,1.405,0.4
VPtGa,unstable,3,5.881,10.31,16.952,174.771,-6.429,0,0.167,PBE,50.855,159.105,5.333,1.835,3,0.882,23.034,4.723,3,2.271,5.58,1.255,15.819,1.318,17.137,3.603,2.043,0.4
VPtIn,,3,6.141,10.351,19.296,199.732,-6.05,0,0.699,MBJ,57.887,138.323,5.333,4.873,3,2.343,4.629,7.47,3,3.591,2.439,1.255,12.577,1.174,13.752,2.173,1.682,0.4
VPtTl,unstable,3,6.222,12.42,20.073,249.307,-5.583,0,0.29,PBE,60.219,127.158,5.333,10.568,3,5.08,1.332,4.764,3,2.29,4.403,1.255,8.585,1.014,9.599,1.798,23.346,0.4
VReTe,unstable,3,6.107,10.637,18.98,201.893,-7.918,0,0.244,MBJ,56.94,170.237,5.333,1.92,3,0.923,23.038,2.753,11,0.557,49.183,1.255,19.074,1.292,20.366,3.157,15.68,0.4
VRhC,unstable,3,5.301,7.396,12.412,91.804,-7.798,0,0.452,PBE,37.236,218.964,5.333,1.26,3,0.606,55.722,5.386,3,2.589,6.306,1.255,39.108,2.026,41.134,2.589,1.083,0.4
VRhGe,unstable,3,5.787,7.764,16.148,125.363,-7.31,0,0.319,PBE,48.443,170.445,5.333,1.367,6,0.414,76.818,8.75,3,4.206,2.371,1.255,25.201,1.598,26.799,7.775,0.967,0.4
VRhPb,unstable,3,6.147,10.327,19.351,199.844,-6.505,0,0.405,PBE,58.053,132.571,5.333,7.717,3,3.71,2.226,12.27,3,5.899,1.11,1.255,11.504,1.15,12.653,1.718,21.472,0.4
VRhSi,unstable,3,5.69,6.559,15.354,100.702,-7.739,0,0.187,PBE,46.063,185.625,5.333,1.133,3,0.545,55.437,8.628,3,4.148,2.637,1.255,36.159,1.845,38.003,2.532,0.749,0.4
VRhSn,unstable,3,6.042,8.206,18.385,150.864,-6.95,0,0.346,PBE,55.155,149.417,5.333,2.099,3,1.009,17.689,10.81,3,5.197,1.513,1.255,19.179,1.393,20.572,2.601,0.973,0.4
VRuAs,stable,3,5.773,7.833,16.036,125.61,-7.966,0,0.14,PBE,48.108,184.823,5.333,1.297,3,0.624,45.022,3.868,11,0.782,32.066,1.255,29.696,1.66,31.356,2.817,9.017,0.4
VRuBi,unstable,3,6.166,10.229,19.533,199.814,-7.173,0,0.199,PBE,58.599,143.372,5.333,3.691,3,1.775,7.278,6.888,11,1.393,10.469,1.255,13.932,1.198,15.129,2.418,10.255,0.4
VRuP,unstable,3,5.625,6.83,14.829,101.285,-8.374,0,0.074,PBE,44.486,204.176,5.333,1.034,3,0.497,69.881,3.658,3,1.759,10.506,1.255,41.535,1.918,43.453,2.572,1.206,0.4
VRuSb,unstable,3,6.029,8.296,18.266,151.536,-7.646,0,0.176,PBE,54.798,163.953,5.333,1.482,3,0.712,32.719,5.215,11,1.054,18.175,1.255,23.151,1.454,24.605,2.94,8.521,0.4
VTcTe,unstable,3,6.074,8.196,18.675,153.069,-7.468,0,0.727,MBJ,56.026,158.193,5.333,1.23,3,0.592,41.725,2.884,11,0.583,42.645,1.255,22.025,1.427,23.452,3.328,34.722,0.4
WCoAl,unstable,3,5.63,10.039,14.874,149.313,-8.04,0,0.455,MBJ,44.621,195.013,5.333,0.584,3,0.281,157.497,1.818,6,0.551,57.275,1.255,23.522,1.545,25.067,6.005,8.013,0.4
WCoB,other_structure,3,5.232,11.759,11.937,140.362,-8.755,0,0.753,PBE,35.81,262.595,5.333,0.415,3,0.199,353.811,2.901,8,0.725,51.013,1.255,32.422,1.783,34.205,7.271,8.936,0.4
WCoGa,unstable,3,5.622,11.683,14.805,172.971,-7.703,0,0.346,PBE,44.416,201.667,5.333,0.554,3,0.266,176.202,2.39,6,0.724,39.291,1.255,21.002,1.458,22.46,7.152,7.848,0.4
WCoIn,unstable,3,5.874,11.718,16.891,197.931,-7.176,0,0.377,PBE,50.674,171.453,5.333,2.412,9,0.558,49.424,2.179,6,0.66,38.372,1.255,15.939,1.285,17.223,15.265,9.197,0.4
WFeC,unstable,3,5.164,12.138,11.478,139.317,-9.298,0,0.518,PBE,34.434,273.211,5.333,0.497,3,0.239,280.748,3.373,8,0.843,42.346,1.255,33.185,1.813,34.998,6.635,8.302,0.4
WFeGe,stable,3,5.623,11.669,14.815,172.876,-8.693,0,0.201,PBE,44.446,218.169,5.333,0.417,3,0.201,291.356,4.867,8,1.217,19.508,1.255,25.052,1.517,26.57,7.75,7.008,0.4
WFeSi,unstable,3,5.532,10.505,14.109,148.214,-9.21,0,0.048,PBE,42.328,235.323,5.333,0.298,3,0.143,521.644,5.317,8,1.329,18.425,1.255,32.598,1.688,34.286,7.933,5.555,0.4
WFeSn,unstable,3,5.875,11.742,16.894,198.376,-8.204,0,0.235,PBE,50.683,188.992,5.333,0.602,3,0.289,145.838,7.217,14,1.242,16.378,1.255,19.734,1.347,21.081,6.794,13.223,0.4
WIrAl,unstable,3,5.929,12.843,17.371,223.087,-8.874,0,0.143,MBJ,52.112,212.737,5.333,1.393,3,0.67,46.587,1.382,6,0.419,94.25,1.255,23.434,1.354,24.788,3.93,10.419,0.4
WIrB,unstable,3,5.627,14.426,14.844,214.136,-9.177,0,0.591,MBJ,44.531,257.422,5.333,0.342,3,0.164,463.913,2.766,8,0.692,53.712,1.255,27.962,1.481,29.443,9.303,10.472,0.4
WIrGa,unstable,3,5.933,14.179,17.402,246.745,-8.456,0,0.233,MBJ,52.205,215.895,5.333,1.057,3,0.508,71.557,1.073,6,0.325,139.898,1.255,21.488,1.297,22.785,5.121,13.393,0.4
WIrIn,unstable,3,6.149,14.024,19.375,271.706,-8.001,0,0.363,MBJ,58.124,192.332,5.333,0.521,3,0.251,183.891,1.28,6,0.388,95.602,1.255,18.103,1.188,19.291,8.232,12.674,0.4
WIrTl,unstable,3,6.214,16.065,19.999,321.281,-7.455,0,0.577,MBJ,59.997,180.593,5.333,0.819,3,0.394,87.779,1.083,6,0.328,115.43,1.255,13.628,1.064,14.692,7.743,41.701,0.4
WOsGe,unstable,3,5.937,14.179,17.439,247.26,-9.544,0,0.104,MBJ,52.316,4.356,5.333,1.606,3,0.772,0.77,2.414,8,0.603,1.115,1.255,0.004,0.184,0.188,9.744,30.129,0.4
WOsPb,unstable,3,6.238,15.907,20.226,321.74,-8.599,0,0.347,MBJ,60.679,187.378,5.333,0.58,3,0.279,152.608,3.1,14,0.534,57.688,1.255,15.081,1.085,16.166,8.976,28.385,0.4
WOsSn,unstable,3,6.147,14.09,19.359,272.76,-9.163,0,0.244,MBJ,58.076,207.395,5.333,1.434,3,0.689,43.498,3.207,14,0.552,60.673,1.255,21.264,1.231,22.495,4.15,22.122,0.4
WRhAl,unstable,3,5.889,10.201,17.022,173.652,-8.159,0,0.206,MBJ,51.067,191.566,5.333,1.762,3,0.847,29.48,1.729,6,0.524,60.648,1.255,24.254,1.452,25.705,2.964,7.91,0.4
WRhB,unstable,3,5.553,11.542,14.27,164.701,-8.559,0,0.764,MBJ,42.81,239.525,5.333,0.28,3,0.135,582.309,1.445,8,0.361,132.414,1.255,30.46,1.619,32.079,8.955,13.206,0.4
WRhGa,unstable,3,5.884,11.621,16.978,197.31,-7.8,0,0.266,MBJ,50.935,195.501,5.333,0.644,3,0.31,136.165,1.631,6,0.494,67.589,1.255,21.613,1.375,22.988,6.186,9.35,0.4
WRhIn,unstable,3,6.107,11.712,18.979,222.271,-7.383,0,0.23,MBJ,56.936,172.84,5.333,0.763,3,0.367,93.28,1.659,6,0.503,58.215,1.255,17.545,1.241,18.786,6.044,10.01,0.4
WRhTl,unstable,3,6.163,13.935,19.509,271.846,-6.912,0,0.078,PBE,58.527,163.997,5.333,0.929,3,0.446,65.967,1.379,6,0.418,72.938,1.255,12.872,1.098,13.97,6.856,36.704,0.4
WRuPb,unstable,3,6.192,13.768,19.784,272.389,-8.047,0,0.159,MBJ,59.352,173.822,5.333,0.578,3,0.278,142.292,3.185,14,0.548,51.364,1.255,15,1.132,16.132,8.362,25.959,0.4
YAgC,unstable,3,6.061,6.229,18.552,115.565,-5.15,0,0.851,MBJ,55.656,88.025,5.333,0.862,3,0.414,39.584,0.755,9,0.174,144.993,1.255,8.348,1.223,9.571,5.616,28.319,0.4
YAgSi,other_structure,3,6.45,5.567,22.357,124.463,-5.219,0,0.113,MBJ,67.07,80.654,5.333,1.265,3,0.608,20.419,1.227,6,0.372,42.74,1.255,8.926,1.164,10.09,3.879,10.425,0.4
YAuGe,other_structure,3,6.539,8.517,23.299,198.441,-5.492,0,0.324,MBJ,69.896,83.594,5.333,0.655,6,0.198,113.613,1.168,6,0.354,47.681,1.255,5.919,0.945,6.864,23.151,16.358,0.4
YAuSi,other_structure,3,6.458,7.742,22.445,173.78,-5.709,0,0.239,PBE,67.335,91.42,5.333,1.525,6,0.462,34.961,1.318,6,0.399,43.52,1.255,7.908,1.049,8.958,11.682,12.752,0.4
YAuSn,stable,3,6.736,8.792,25.472,223.942,-5.375,0,0.077,MBJ,76.415,79.89,5.333,1.082,6,0.328,51.097,1.213,6,0.367,43.038,1.255,5.465,0.882,6.347,17.698,16.524,0.4
YCoS,unstable,3,5.874,5.895,16.891,99.579,-6.565,0,0.061,PBE,50.673,108.87,5.333,0.303,3,0.146,235.286,10.938,4,4.341,1.445,1.255,13.437,1.443,14.88,8.372,1.456,0.4
YCoTe,unstable,3,6.296,7.332,20.794,152.459,-6.278,0,0.872,PBE,62.382,96.335,5.333,4.193,3,2.016,4.039,8.574,8,2.143,3.684,1.255,9.021,1.136,10.156,2.242,5.763,0.4
YCuC,unstable,3,5.698,5.906,15.414,91.032,-5.793,0,0.085,PBE,46.242,105.963,5.333,1.403,3,0.674,22.965,0.709,8,0.177,170.292,1.255,11.881,1.467,13.348,3.62,21.515,0.4
YCuGe,unstable,3,6.233,6.173,20.182,124.591,-5.474,0,0.299,MBJ,60.547,82.585,5.333,1.327,3,0.638,19.454,1.292,6,0.391,40.505,1.255,7.749,1.157,8.906,4.372,11.725,0.4
YCuSi,other_structure,3,6.158,5.134,19.464,99.93,-5.71,0,0.559,MBJ,58.392,88.692,5.333,1.173,3,0.564,25.146,1.334,6,0.404,41.466,1.255,11.09,1.331,12.422,3.626,16.372,0.4
YHgAl,unstable,3,6.715,6.944,25.229,175.174,-3.819,0,0.084,PBE,75.686,67.389,5.333,0.926,6,0.28,54.494,2.773,6,0.84,10.506,1.255,4.963,0.915,5.878,17.707,9.166,0.4
YHgB,unstable,3,6.355,7.774,21.383,166.224,-3.893,0,0.096,PBE,64.149,78.041,5.333,1.374,3,0.66,17.45,1.524,6,0.462,29.864,1.255,5.365,0.983,6.348,5.676,14.075,0.4
YNiAs,unstable,3,6.101,6.508,18.925,123.168,-6.476,0,0.492,PBE,56.774,99.593,5.333,2.58,3,1.24,8.653,0.974,8,0.243,99.5,1.255,10.545,1.265,11.81,2.668,18.898,0.4
YNiBi,stable,3,6.493,8.651,22.814,197.371,-5.95,0,0.193,PBE,68.443,78.934,5.333,2.033,3,0.977,9.807,0.837,8,0.209,98.956,1.255,5.043,0.917,5.961,4.834,32.497,0.4
YNiP,other_structure,3,5.964,5.593,17.674,98.842,-6.718,0,0.594,PBE,53.021,108.756,5.333,2.557,3,1.229,9.573,1.161,8,0.29,83.496,1.255,14.731,1.459,16.19,2.136,13.548,0.4
YNiSb,stable,3,6.359,6.956,21.433,149.094,-6.262,0,0.285,PBE,64.298,90.264,5.333,2.102,3,1.01,10.664,0.979,8,0.245,89.458,1.255,8.494,1.117,9.611,3.36,20.98,0.4
YPtAs,other_structure,3,6.423,8.996,22.084,198.662,-6.872,0,0.826,MBJ,66.251,101.692,5.333,0.663,3,0.319,67.794,0.763,14,0.131,256.551,1.255,8.253,1.032,9.285,7.829,33.973,0.4
YPtBi,stable,3,6.746,10.667,25.58,272.865,-6.51,0,0.424,MBJ,76.739,87.827,5.333,0.774,3,0.372,46.457,0.871,6,0.264,77.731,1.255,5.343,0.839,6.182,9.258,22.748,0.4
YPtP,other_structure,3,6.305,8.347,20.886,174.336,-7.038,0,0.917,MBJ,62.657,107.722,5.333,0.236,3,0.114,338.009,0.968,8,0.242,108.632,1.255,9.898,1.124,11.022,12.982,21.985,0.4
YPtSb,stable,3,6.615,9.31,24.123,224.588,-6.777,0,0.094,PBE,72.37,98.29,5.333,0.064,3,0.031,2203.969,0.888,6,0.269,84.551,1.255,7.784,0.968,8.753,32.755,24.938,0.4
YRhTe,stable,3,6.53,7.618,23.207,176.798,-6.725,0,0.158,PBE,69.621,96.961,5.333,0.332,3,0.159,182.777,1.139,8,0.285,76.543,1.255,9.396,1.077,10.473,10.029,18.882,0.4
ZrAgB,unstable,3,5.925,6.702,17.335,116.184,-5.343,0,0.24,PBE,52.005,127.111,5.333,1.136,6,0.344,75.632,2.825,6,0.855,19.278,1.255,16.487,1.45,17.937,9.681,5.603,0.4
ZrAuAl,stable,3,6.316,8.308,20.998,174.452,-5.742,0,0.472,PBE,62.993,117.633,5.333,1.212,6,0.367,63.459,2.28,6,0.69,24.605,1.255,12.143,1.175,13.318,11.602,7.943,0.4
ZrAuB,unstable,3,5.976,9.305,17.786,165.501,-5.902,0,0.79,PBE,53.359,142.609,5.333,1.729,6,0.524,45.178,2.752,6,0.834,22.486,1.255,14.517,1.292,15.809,9.576,7.244,0.4
ZrAuGa,other_structure,3,6.3,9.506,20.84,198.11,-5.453,0,0.594,PBE,62.519,117.321,5.333,1.362,6,0.413,53.135,6.404,6,1.939,5.212,1.255,10.194,1.1,11.294,12.723,5.027,0.4
ZrAuIn,,3,6.509,9.707,22.98,223.07,-5.26,0,0.455,PBE,68.941,107.861,5.333,1.24,3,0.596,28.123,5.693,6,1.724,5.718,1.255,8.8,1.01,9.81,5.399,5.709,0.4
ZrAuTl,unstable,3,6.572,11.528,23.652,272.646,-4.9,0,0.344,PBE,70.955,100.641,5.333,1.425,3,0.685,21.3,4.329,6,1.311,8.045,1.255,6.242,0.887,7.128,6.378,27.894,0.4
ZrCoAs,stable,3,5.836,7.52,16.568,124.584,-7.622,0,1.208,PBE,49.703,151.444,5.333,3.977,3,1.912,6.873,6.374,8,1.594,9.034,1.255,20.506,1.517,22.023,1.678,4.991,0.4
ZrCoBi,stable,3,6.223,9.897,20.085,198.787,-6.908,0,0.985,PBE,60.256,118.732,5.333,3.405,3,1.637,6.802,9.252,8,2.313,4.05,1.255,9.726,1.098,10.823,2.938,6.367,0.4
ZrCoP,other_structure,3,5.699,6.502,15.421,100.258,-7.963,0,1.284,PBE,46.262,166.917,5.333,4.289,3,2.062,6.764,8.081,8,2.02,6.976,1.255,28.959,1.754,30.713,1.267,3.422,0.4
ZrCoSb,stable,3,6.094,7.98,18.86,150.51,-7.329,0,1.057,PBE,56.58,135.048,5.333,3.401,3,1.635,7.75,8.241,8,2.06,5.48,1.255,16.127,1.331,17.458,2.073,4.813,0.4
ZrCuB,unstable,3,5.587,6.307,14.532,91.651,-6.136,0,0.084,PBE,43.595,146.73,5.333,0.817,6,0.247,143.089,2.611,6,0.791,25.041,1.255,21.705,1.704,23.408,10.434,5.196,0.4
ZrFePo,unstable,3,6.232,9.774,20.165,197.089,-6.823,0,0.096,PBE,60.495,119.041,5.333,0.335,3,0.161,221.121,4.951,4,1.965,5.187,1.255,9.959,1.105,11.063,11.588,3.444,0.4
ZrFeS,unstable,3,5.669,6.53,15.184,99.153,-7.553,0,0.326,PBE,45.553,158.293,5.333,0.468,3,0.225,178.142,4.147,4,1.646,8.998,1.255,25.346,1.714,27.06,5.156,2.082,0.4
ZrFeSe,unstable,3,5.838,7.547,16.578,125.11,-7.321,0,0.112,PBE,49.734,145.997,5.333,0.313,3,0.151,299.739,4.882,4,1.938,6.496,1.255,18.832,1.486,20.319,8.054,2.319,0.4
ZrFeTe,stable,3,6.084,8.103,18.763,152.033,-7.19,0,1.156,PBE,56.289,136.714,5.333,7.255,3,3.488,2.518,4.843,4,1.922,6.157,1.255,16.211,1.332,17.543,1.326,2.528,0.4
ZrIrAs,stable,3,6.157,10.2,19.446,198.358,-8.276,0,0.265,PBE,58.339,156.638,5.333,0.118,3,0.057,1398.387,4.459,8,1.115,15.971,1.255,16.961,1.255,18.216,17.353,7.734,0.4
ZrIrBi,stable,3,6.48,12.018,22.68,272.562,-7.741,0,0.204,PBE,68.039,133.524,5.333,0.112,6,0.034,2560.732,2.838,8,0.71,26.811,1.255,10.8,1.014,11.814,61.934,13.331,0.4
ZrIrP,unstable,3,6.038,9.487,18.344,174.033,-8.533,0,0.782,PBE,55.031,168.954,5.333,0.191,9,0.044,2190.353,4.777,8,1.194,15.536,1.255,21.076,1.379,22.455,52.883,6.494,0.4
ZrIrSb,stable,3,6.358,10.472,21.418,224.284,-8.134,0,1.407,PBE,64.255,150.824,5.333,4.586,6,1.389,11.057,4.72,8,1.18,14.12,1.255,16.108,1.177,17.285,5.158,7.585,0.4
ZrNiC,unstable,3,5.397,6.842,13.099,89.629,-7.446,0,0.953,PBE,39.298,178.536,5.333,2.625,3,1.262,15.109,1.824,8,0.456,69.576,1.255,28.343,1.868,30.211,1.85,9.088,0.4
ZrNiGe,other_structure,3,5.895,7.215,17.074,123.188,-6.955,0,0.665,PBE,51.223,137.365,5.333,1.774,3,0.853,20.922,3.453,8,0.863,20.554,1.255,17.722,1.46,19.182,2.836,7.509,0.4
ZrNiPb,stable,3,6.239,9.769,20.233,197.669,-6.245,0,0.365,PBE,60.7,109.603,5.333,1.698,9,0.393,53.479,2.766,8,0.691,22.874,1.255,8.315,1.059,9.374,22.131,14.006,0.4
ZrNiSi,other_structure,3,5.818,6.003,16.413,98.527,-7.294,0,0.786,PBE,49.24,146.561,5.333,1.942,3,0.934,19.491,11.496,8,2.874,3.61,1.255,24.931,1.676,26.606,2.066,2.807,0.4
ZrNiSn,stable,3,6.148,7.676,19.37,148.689,-6.633,0,0.486,PBE,58.109,120.938,5.333,1.781,3,0.856,18.318,3.499,3,1.682,6.653,1.255,13.474,1.273,14.748,3.24,2.161,0.4
ZrPtGe,,3,6.205,9.979,19.91,198.682,-7.385,0,1.192,PBE,59.729,144.778,5.333,2.535,3,1.219,12.912,3.101,6,0.939,19.086,1.255,14.857,1.211,16.067,2.881,6.736,0.4
ZrPtPb,unstable,3,6.502,11.928,22.902,273.163,-6.788,0,0.826,PBE,68.705,120.947,5.333,2.039,3,0.98,14.95,2.19,3,1.053,13.438,1.255,8.81,0.966,9.775,4.507,4.319,0.4
ZrPtSi,other_structure,3,6.129,9.071,19.185,174.021,-7.713,0,1.337,PBE,57.554,155.002,5.333,2.737,6,0.829,24.653,3.719,6,1.126,15.559,1.255,18.944,1.33,20.274,6.161,5.125,0.4
ZrPtSn,stable,3,6.407,10.228,21.918,224.183,-7.182,0,0.974,PBE,65.753,135.589,5.333,2.059,3,0.99,16.519,3.084,3,1.483,9.011,1.255,13.292,1.121,14.412,3.407,2.674,0.4
ZrRhAs,stable,3,6.104,7.858,18.953,148.923,-7.835,0,1.204,PBE,56.859,148.399,5.333,3.305,3,1.589,8.892,2.898,8,0.724,28.884,1.255,20.321,1.404,21.726,1.863,7.957,0.4
ZrRhBi,stable,3,6.443,10.01,22.29,223.127,-7.267,0,1.023,PBE,66.869,123.348,5.333,4.045,6,1.225,10.915,2.412,8,0.603,31.612,1.255,11.187,1.074,12.261,6.412,13.082,0.4
ZrRhP,other_structure,3,5.984,6.977,17.858,124.598,-8.103,0,1.427,PBE,53.574,160.409,5.333,4.439,6,1.344,12.348,2.001,8,0.5,54.402,1.255,26.825,1.581,28.405,3.404,8.215,0.4
ZrRhSb,stable,3,6.324,8.297,21.074,174.849,-7.642,0,1.18,PBE,63.221,137.754,5.333,3.712,3,1.785,6.933,1.59,8,0.398,65.95,1.255,17.304,1.271,18.575,1.886,12.383,0.4
ZrRuTe,stable,3,6.318,8.426,21.015,177.065,-7.666,0,0.888,PBE,63.044,141.107,5.333,0.728,3,0.35,81.82,1.179,8,0.295,105.78,1.255,17.879,1.277,19.157,4.98,14.715,0.4